timestamp,camera,beam_used,intensity,angle_deg,focus_col,focus_row,fwhm_focus_px,fwhm_focus_um,col,peak_row,fwhm_px,fwhm_um
2026-04-01T11:46:41,Camera 1,488 nm,1 mW,0.6257548851092367,958,1107.8285551364258,6.162460024045478,4.005599015629561,0,1096.9097458773558,20.016067613721326,13.010443948918862
2026-04-01T11:46:41,Camera 1,488 nm,1 mW,0.6257548851092367,958,1107.8285551364258,6.162460024045478,4.005599015629561,20,1097.1752601488704,19.96992275753201,12.980449792395808
2026-04-01T11:46:41,Camera 1,488 nm,1 mW,0.6257548851092367,958,1107.8285551364258,6.162460024045478,4.005599015629561,41,1097.4248029058408,19.638226500517774,12.764847225336554
2026-04-01T11:46:41,Camera 1,488 nm,1 mW,0.6257548851092367,958,1107.8285551364258,6.162460024045478,4.005599015629561,62,1097.8936823113793,18.869777603559832,12.265355442313892
2026-04-01T11:46:41,Camera 1,488 nm,1 mW,0.6257548851092367,958,1107.8285551364258,6.162460024045478,4.005599015629561,82,1097.985466984774,18.60528225435845,12.093433465332993
2026-04-01T11:46:41,Camera 1,488 nm,1 mW,0.6257548851092367,958,1107.8285551364258,6.162460024045478,4.005599015629561,103,1098.1263370363215,18.26560940886593,11.872646115762855
2026-04-01T11:46:41,Camera 1,488 nm,1 mW,0.6257548851092367,958,1107.8285551364258,6.162460024045478,4.005599015629561,124,1098.639576961846,17.625633563258308,11.4566618161179
2026-04-01T11:46:41,Camera 1,488 nm,1 mW,0.6257548851092367,958,1107.8285551364258,6.162460024045478,4.005599015629561,144,1098.7128029495727,17.425181243864838,11.326367808512146
2026-04-01T11:46:41,Camera 1,488 nm,1 mW,0.6257548851092367,958,1107.8285551364258,6.162460024045478,4.005599015629561,165,1099.1194989936646,17.187351919607142,11.171778747744643
2026-04-01T11:46:41,Camera 1,488 nm,1 mW,0.6257548851092367,958,1107.8285551364258,6.162460024045478,4.005599015629561,186,1099.3137346087638,16.738696283181053,10.880152584067686
2026-04-01T11:46:41,Camera 1,488 nm,1 mW,0.6257548851092367,958,1107.8285551364258,6.162460024045478,4.005599015629561,206,1099.6326053209405,16.39892509629082,10.659301312589035
2026-04-01T11:46:41,Camera 1,488 nm,1 mW,0.6257548851092367,958,1107.8285551364258,6.162460024045478,4.005599015629561,227,1099.9012383665918,16.088532024661756,10.457545816030143
2026-04-01T11:46:41,Camera 1,488 nm,1 mW,0.6257548851092367,958,1107.8285551364258,6.162460024045478,4.005599015629561,248,1100.0615758809456,15.674981174054356,10.18873776313533
2026-04-01T11:46:41,Camera 1,488 nm,1 mW,0.6257548851092367,958,1107.8285551364258,6.162460024045478,4.005599015629561,268,1100.2937284057532,15.177504388634864,9.865377852612662
2026-04-01T11:46:41,Camera 1,488 nm,1 mW,0.6257548851092367,958,1107.8285551364258,6.162460024045478,4.005599015629561,289,1100.6566154500538,14.785269698899265,9.610425304284522
2026-04-01T11:46:41,Camera 1,488 nm,1 mW,0.6257548851092367,958,1107.8285551364258,6.162460024045478,4.005599015629561,310,1100.9869963007523,14.235109015751453,9.252820860238446
2026-04-01T11:46:41,Camera 1,488 nm,1 mW,0.6257548851092367,958,1107.8285551364258,6.162460024045478,4.005599015629561,330,1101.0991768269662,14.031270007727068,9.120325505022594
2026-04-01T11:46:41,Camera 1,488 nm,1 mW,0.6257548851092367,958,1107.8285551364258,6.162460024045478,4.005599015629561,351,1101.4158264689695,13.434740181485362,8.732581117965486
2026-04-01T11:46:41,Camera 1,488 nm,1 mW,0.6257548851092367,958,1107.8285551364258,6.162460024045478,4.005599015629561,372,1101.734803167437,13.06111865168448,8.489727123594912
2026-04-01T11:46:41,Camera 1,488 nm,1 mW,0.6257548851092367,958,1107.8285551364258,6.162460024045478,4.005599015629561,392,1101.9518454425133,12.819893767084157,8.332930948604702
2026-04-01T11:46:41,Camera 1,488 nm,1 mW,0.6257548851092367,958,1107.8285551364258,6.162460024045478,4.005599015629561,413,1102.170969903296,12.419752157975354,8.07283890268398
2026-04-01T11:46:41,Camera 1,488 nm,1 mW,0.6257548851092367,958,1107.8285551364258,6.162460024045478,4.005599015629561,434,1102.3719452473597,11.98964047338999,7.793266307703494
2026-04-01T11:46:41,Camera 1,488 nm,1 mW,0.6257548851092367,958,1107.8285551364258,6.162460024045478,4.005599015629561,454,1102.61179766739,11.494908051017534,7.4716902331613975
2026-04-01T11:46:41,Camera 1,488 nm,1 mW,0.6257548851092367,958,1107.8285551364258,6.162460024045478,4.005599015629561,475,1102.9420387047135,11.06527701059384,7.192430056885996
2026-04-01T11:46:41,Camera 1,488 nm,1 mW,0.6257548851092367,958,1107.8285551364258,6.162460024045478,4.005599015629561,496,1103.0392367960044,10.566089371009555,6.867958091156211
2026-04-01T11:46:41,Camera 1,488 nm,1 mW,0.6257548851092367,958,1107.8285551364258,6.162460024045478,4.005599015629561,516,1103.3519570302412,10.062919342658752,6.540897572728189
2026-04-01T11:46:41,Camera 1,488 nm,1 mW,0.6257548851092367,958,1107.8285551364258,6.162460024045478,4.005599015629561,537,1103.694283603971,9.527833579594441,6.193091826736387
2026-04-01T11:46:41,Camera 1,488 nm,1 mW,0.6257548851092367,958,1107.8285551364258,6.162460024045478,4.005599015629561,558,1103.8719120270837,9.108186282929065,5.920321083903892
2026-04-01T11:46:41,Camera 1,488 nm,1 mW,0.6257548851092367,958,1107.8285551364258,6.162460024045478,4.005599015629561,578,1104.3139234629812,8.68787210687309,5.647116869467509
2026-04-01T11:46:41,Camera 1,488 nm,1 mW,0.6257548851092367,958,1107.8285551364258,6.162460024045478,4.005599015629561,599,1104.5367176251311,8.267773269624364,5.374052625255836
2026-04-01T11:46:41,Camera 1,488 nm,1 mW,0.6257548851092367,958,1107.8285551364258,6.162460024045478,4.005599015629561,620,1104.818495112604,7.997667431836326,5.198483830693612
2026-04-01T11:46:41,Camera 1,488 nm,1 mW,0.6257548851092367,958,1107.8285551364258,6.162460024045478,4.005599015629561,640,1105.00815054542,7.858979318386067,5.108336556950944
2026-04-01T11:46:41,Camera 1,488 nm,1 mW,0.6257548851092367,958,1107.8285551364258,6.162460024045478,4.005599015629561,661,1105.1824945232402,7.752292551916156,5.038990158745501
2026-04-01T11:46:41,Camera 1,488 nm,1 mW,0.6257548851092367,958,1107.8285551364258,6.162460024045478,4.005599015629561,682,1105.287974193023,7.542550202928403,4.9026576319034625
2026-04-01T11:46:41,Camera 1,488 nm,1 mW,0.6257548851092367,958,1107.8285551364258,6.162460024045478,4.005599015629561,703,1105.5102834497957,7.3174255300235105,4.756326594515282
2026-04-01T11:46:41,Camera 1,488 nm,1 mW,0.6257548851092367,958,1107.8285551364258,6.162460024045478,4.005599015629561,723,1105.6019170310271,7.245098899505893,4.709314284678831
2026-04-01T11:46:41,Camera 1,488 nm,1 mW,0.6257548851092367,958,1107.8285551364258,6.162460024045478,4.005599015629561,744,1105.7337230076719,7.029322119544914,4.569059377704194
2026-04-01T11:46:41,Camera 1,488 nm,1 mW,0.6257548851092367,958,1107.8285551364258,6.162460024045478,4.005599015629561,765,1105.8683296887177,6.873809627873811,4.467976258117978
2026-04-01T11:46:41,Camera 1,488 nm,1 mW,0.6257548851092367,958,1107.8285551364258,6.162460024045478,4.005599015629561,785,1105.9796963802542,6.695069729188227,4.351795323972348
2026-04-01T11:46:41,Camera 1,488 nm,1 mW,0.6257548851092367,958,1107.8285551364258,6.162460024045478,4.005599015629561,806,1106.1179445141981,6.660819551401325,4.329532708410861
2026-04-01T11:46:41,Camera 1,488 nm,1 mW,0.6257548851092367,958,1107.8285551364258,6.162460024045478,4.005599015629561,827,1106.2730159545724,6.543508203058018,4.253280331987711
2026-04-01T11:46:41,Camera 1,488 nm,1 mW,0.6257548851092367,958,1107.8285551364258,6.162460024045478,4.005599015629561,847,1106.4548279355156,6.344643558432098,4.124018312980864
2026-04-01T11:46:41,Camera 1,488 nm,1 mW,0.6257548851092367,958,1107.8285551364258,6.162460024045478,4.005599015629561,868,1106.5298655923814,6.18387624590811,4.019519559840272
2026-04-01T11:46:41,Camera 1,488 nm,1 mW,0.6257548851092367,958,1107.8285551364258,6.162460024045478,4.005599015629561,889,1106.7858132122456,6.192911228862417,4.025392298760571
2026-04-01T11:46:41,Camera 1,488 nm,1 mW,0.6257548851092367,958,1107.8285551364258,6.162460024045478,4.005599015629561,909,1106.910533711807,6.196673833009025,4.027837991455867
2026-04-01T11:46:41,Camera 1,488 nm,1 mW,0.6257548851092367,958,1107.8285551364258,6.162460024045478,4.005599015629561,930,1107.1451460387923,6.260988971246118,4.069642831309977
2026-04-01T11:46:41,Camera 1,488 nm,1 mW,0.6257548851092367,958,1107.8285551364258,6.162460024045478,4.005599015629561,951,1107.30525888595,6.175484005148079,4.0140646033462515
2026-04-01T11:46:41,Camera 1,488 nm,1 mW,0.6257548851092367,958,1107.8285551364258,6.162460024045478,4.005599015629561,971,1107.5560924967797,6.332861342093201,4.116359872360581
2026-04-01T11:46:41,Camera 1,488 nm,1 mW,0.6257548851092367,958,1107.8285551364258,6.162460024045478,4.005599015629561,992,1107.73955965387,6.395469215368685,4.157054989989645
2026-04-01T11:46:41,Camera 1,488 nm,1 mW,0.6257548851092367,958,1107.8285551364258,6.162460024045478,4.005599015629561,1013,1107.9504289467316,6.520210550133901,4.238136857587036
2026-04-01T11:46:41,Camera 1,488 nm,1 mW,0.6257548851092367,958,1107.8285551364258,6.162460024045478,4.005599015629561,1033,1108.1704041989487,6.683253989979217,4.344115093486492
2026-04-01T11:46:41,Camera 1,488 nm,1 mW,0.6257548851092367,958,1107.8285551364258,6.162460024045478,4.005599015629561,1054,1108.4397590514986,6.744315888395859,4.383805327457309
2026-04-01T11:46:41,Camera 1,488 nm,1 mW,0.6257548851092367,958,1107.8285551364258,6.162460024045478,4.005599015629561,1075,1108.6501371860413,6.990701566932485,4.543956018506115
2026-04-01T11:46:41,Camera 1,488 nm,1 mW,0.6257548851092367,958,1107.8285551364258,6.162460024045478,4.005599015629561,1095,1108.8897473340414,7.090662296312685,4.608930492603245
2026-04-01T11:46:41,Camera 1,488 nm,1 mW,0.6257548851092367,958,1107.8285551364258,6.162460024045478,4.005599015629561,1116,1109.1754656523146,7.376391534350605,4.794654497327893
2026-04-01T11:46:41,Camera 1,488 nm,1 mW,0.6257548851092367,958,1107.8285551364258,6.162460024045478,4.005599015629561,1137,1109.4243854176045,7.5561293003400944,4.911484045221061
2026-04-01T11:46:41,Camera 1,488 nm,1 mW,0.6257548851092367,958,1107.8285551364258,6.162460024045478,4.005599015629561,1157,1109.618935959991,7.900840214987413,5.135546139741819
2026-04-01T11:46:41,Camera 1,488 nm,1 mW,0.6257548851092367,958,1107.8285551364258,6.162460024045478,4.005599015629561,1178,1109.9935898563892,7.967125215479606,5.178631390061744
2026-04-01T11:46:41,Camera 1,488 nm,1 mW,0.6257548851092367,958,1107.8285551364258,6.162460024045478,4.005599015629561,1199,1110.1160657257906,8.407765218280932,5.465047391882607
2026-04-01T11:46:41,Camera 1,488 nm,1 mW,0.6257548851092367,958,1107.8285551364258,6.162460024045478,4.005599015629561,1219,1110.3610839462278,8.560944823496992,5.564614135273045
2026-04-01T11:46:41,Camera 1,488 nm,1 mW,0.6257548851092367,958,1107.8285551364258,6.162460024045478,4.005599015629561,1240,1110.6279963266213,8.905329220885344,5.788463993575474
2026-04-01T11:46:41,Camera 1,488 nm,1 mW,0.6257548851092367,958,1107.8285551364258,6.162460024045478,4.005599015629561,1261,1110.8122698112218,9.041288210290627,5.876837336688908
2026-04-01T11:46:41,Camera 1,488 nm,1 mW,0.6257548851092367,958,1107.8285551364258,6.162460024045478,4.005599015629561,1281,1111.1367863055848,9.335155908692325,6.067851340650011
2026-04-01T11:46:41,Camera 1,488 nm,1 mW,0.6257548851092367,958,1107.8285551364258,6.162460024045478,4.005599015629561,1302,1111.3504677878889,9.61735584488485,6.251281299175153
2026-04-01T11:46:41,Camera 1,488 nm,1 mW,0.6257548851092367,958,1107.8285551364258,6.162460024045478,4.005599015629561,1323,1111.6463556217177,9.816045780033381,6.380429757021698
2026-04-01T11:46:41,Camera 1,488 nm,1 mW,0.6257548851092367,958,1107.8285551364258,6.162460024045478,4.005599015629561,1343,1111.7799730707986,10.06944039697461,6.545136258033496
2026-04-01T11:46:41,Camera 1,488 nm,1 mW,0.6257548851092367,958,1107.8285551364258,6.162460024045478,4.005599015629561,1364,1112.1079768372235,10.439503492951296,6.785677270418343
2026-04-01T11:46:41,Camera 1,488 nm,1 mW,0.6257548851092367,958,1107.8285551364258,6.162460024045478,4.005599015629561,1385,1112.36115801291,10.75539767545324,6.9910084890446065
2026-04-01T11:46:41,Camera 1,488 nm,1 mW,0.6257548851092367,958,1107.8285551364258,6.162460024045478,4.005599015629561,1406,1112.6732377236294,11.006971091159668,7.1545312092537845
2026-04-01T11:46:41,Camera 1,488 nm,1 mW,0.6257548851092367,958,1107.8285551364258,6.162460024045478,4.005599015629561,1426,1112.816412548572,11.184255168538089,7.269765859549758
2026-04-01T11:46:41,Camera 1,488 nm,1 mW,0.6257548851092367,958,1107.8285551364258,6.162460024045478,4.005599015629561,1447,1112.9979462035576,11.818170976477818,7.681811134710582
2026-04-01T11:46:41,Camera 1,488 nm,1 mW,0.6257548851092367,958,1107.8285551364258,6.162460024045478,4.005599015629561,1468,1113.351884590313,11.909007474159154,7.74085485820345
2026-04-01T11:46:41,Camera 1,488 nm,1 mW,0.6257548851092367,958,1107.8285551364258,6.162460024045478,4.005599015629561,1488,1113.4711638957717,12.147969837175651,7.8961803941641735
2026-04-01T11:46:41,Camera 1,488 nm,1 mW,0.6257548851092367,958,1107.8285551364258,6.162460024045478,4.005599015629561,1509,1113.7184398178183,12.516863735904057,8.135961428337637
2026-04-01T11:46:41,Camera 1,488 nm,1 mW,0.6257548851092367,958,1107.8285551364258,6.162460024045478,4.005599015629561,1530,1114.015588025901,12.788215630427482,8.312340159777863
2026-04-01T11:46:41,Camera 1,488 nm,1 mW,0.6257548851092367,958,1107.8285551364258,6.162460024045478,4.005599015629561,1550,1114.304073134144,13.205388407357356,8.583502464782281
2026-04-01T11:46:41,Camera 1,488 nm,1 mW,0.6257548851092367,958,1107.8285551364258,6.162460024045478,4.005599015629561,1571,1114.500855674516,13.576177878215727,8.824515620840224
2026-04-01T11:46:41,Camera 1,488 nm,1 mW,0.6257548851092367,958,1107.8285551364258,6.162460024045478,4.005599015629561,1592,1114.9434569249195,13.936142050282907,9.05849233268389
2026-04-01T11:46:41,Camera 1,488 nm,1 mW,0.6257548851092367,958,1107.8285551364258,6.162460024045478,4.005599015629561,1612,1115.0417096961125,14.236074607597462,9.25344849493835
2026-04-01T11:46:41,Camera 1,488 nm,1 mW,0.6257548851092367,958,1107.8285551364258,6.162460024045478,4.005599015629561,1633,1115.0600222571006,14.41209986506524,9.367864912292406
2026-04-01T11:46:41,Camera 1,488 nm,1 mW,0.6257548851092367,958,1107.8285551364258,6.162460024045478,4.005599015629561,1654,1115.6338276761173,14.57260417668963,9.47219271484826
2026-04-01T11:46:41,Camera 1,488 nm,1 mW,0.6257548851092367,958,1107.8285551364258,6.162460024045478,4.005599015629561,1674,1115.529787037636,15.112022152674703,9.822814399238558
2026-04-01T11:46:41,Camera 1,488 nm,1 mW,0.6257548851092367,958,1107.8285551364258,6.162460024045478,4.005599015629561,1695,1115.8668602218975,15.459124536613368,10.04843094879869
2026-04-01T11:46:41,Camera 1,488 nm,1 mW,0.6257548851092367,958,1107.8285551364258,6.162460024045478,4.005599015629561,1716,1116.3891990473724,16.02409363684971,10.415660863952311
2026-04-01T11:46:41,Camera 1,488 nm,1 mW,0.6257548851092367,958,1107.8285551364258,6.162460024045478,4.005599015629561,1736,1116.3313562080602,16.097442611006784,10.46333769715441
2026-04-01T11:46:41,Camera 1,488 nm,1 mW,0.6257548851092367,958,1107.8285551364258,6.162460024045478,4.005599015629561,1757,1116.6096017937434,16.5058104142233,10.728776769245146
2026-04-01T11:46:41,Camera 1,488 nm,1 mW,0.6257548851092367,958,1107.8285551364258,6.162460024045478,4.005599015629561,1778,1117.0450884216307,16.697023883367898,10.853065524189134
2026-04-01T11:46:41,Camera 1,488 nm,1 mW,0.6257548851092367,958,1107.8285551364258,6.162460024045478,4.005599015629561,1798,1117.1739926369153,17.19363417822067,11.175862215843436
2026-04-01T11:46:41,Camera 1,488 nm,1 mW,0.6257548851092367,958,1107.8285551364258,6.162460024045478,4.005599015629561,1819,1117.4656391083226,17.391722853955464,11.304619855071053
2026-04-01T11:46:41,Camera 1,488 nm,1 mW,0.6257548851092367,958,1107.8285551364258,6.162460024045478,4.005599015629561,1840,1117.7011962173053,17.54405247934285,11.403634111572853
2026-04-01T11:46:41,Camera 1,488 nm,1 mW,0.6257548851092367,958,1107.8285551364258,6.162460024045478,4.005599015629561,1860,1117.840760159449,18.209744112992038,11.836333673444825
2026-04-01T11:46:41,Camera 1,488 nm,1 mW,0.6257548851092367,958,1107.8285551364258,6.162460024045478,4.005599015629561,1881,1118.1764765250568,18.596034957874636,12.087422722618514
2026-04-01T11:46:41,Camera 1,488 nm,1 mW,0.6257548851092367,958,1107.8285551364258,6.162460024045478,4.005599015629561,1902,1118.1792138425508,19.153801533072222,12.449970996496946
2026-04-01T11:46:41,Camera 1,488 nm,1 mW,0.6257548851092367,958,1107.8285551364258,6.162460024045478,4.005599015629561,1922,1118.5623060113285,19.324544472464105,12.560953907101668
2026-04-01T11:46:41,Camera 1,488 nm,1 mW,0.6257548851092367,958,1107.8285551364258,6.162460024045478,4.005599015629561,1943,1118.893516479521,19.759928143363155,12.84395329318605
2026-04-01T11:46:41,Camera 1,488 nm,1 mW,0.6257548851092367,958,1107.8285551364258,6.162460024045478,4.005599015629561,1964,1118.842577499491,19.90805510110101,12.940235815715656
2026-04-01T11:46:41,Camera 1,488 nm,1 mW,0.6257548851092367,958,1107.8285551364258,6.162460024045478,4.005599015629561,1984,1119.1310307806193,20.05473774492599,13.035579534201894
2026-04-01T11:46:41,Camera 1,488 nm,1 mW,0.6257548851092367,958,1107.8285551364258,6.162460024045478,4.005599015629561,2005,1119.492540073924,20.8719334795438,13.56675676170347
2026-04-01T11:46:41,Camera 1,488 nm,1 mW,0.6257548851092367,958,1107.8285551364258,6.162460024045478,4.005599015629561,2026,1119.8636695262605,20.759655334400293,13.493775967360191
2026-04-01T11:46:41,Camera 1,488 nm,1 mW,0.6257548851092367,958,1107.8285551364258,6.162460024045478,4.005599015629561,2047,1119.7971506762244,21.119152818804697,13.727449332223053
2026-04-01T11:46:41,Camera 2,488 nm,1 mW,0.23296833939494405,1125,1100.0863629346013,5.956384738075826,3.871650079749287,0,1094.8518716477508,23.241436085532715,15.106933455596266
2026-04-01T11:46:41,Camera 2,488 nm,1 mW,0.23296833939494405,1125,1100.0863629346013,5.956384738075826,3.871650079749287,20,1094.8736794118008,22.877916260854136,14.870645569555188
2026-04-01T11:46:41,Camera 2,488 nm,1 mW,0.23296833939494405,1125,1100.0863629346013,5.956384738075826,3.871650079749287,41,1095.106983489852,22.34215996319094,14.522403976074113
2026-04-01T11:46:41,Camera 2,488 nm,1 mW,0.23296833939494405,1125,1100.0863629346013,5.956384738075826,3.871650079749287,62,1095.252364515777,22.24140220226872,14.45691143147467
2026-04-01T11:46:41,Camera 2,488 nm,1 mW,0.23296833939494405,1125,1100.0863629346013,5.956384738075826,3.871650079749287,82,1095.3051200145221,21.703138595954677,14.10704008737054
2026-04-01T11:46:41,Camera 2,488 nm,1 mW,0.23296833939494405,1125,1100.0863629346013,5.956384738075826,3.871650079749287,103,1095.3438979434084,21.154080632119122,13.75015241087743
2026-04-01T11:46:41,Camera 2,488 nm,1 mW,0.23296833939494405,1125,1100.0863629346013,5.956384738075826,3.871650079749287,124,1095.7960157679659,21.302209140558766,13.846435941363199
2026-04-01T11:46:41,Camera 2,488 nm,1 mW,0.23296833939494405,1125,1100.0863629346013,5.956384738075826,3.871650079749287,144,1095.7863742612853,20.516768712309148,13.335899663000946
2026-04-01T11:46:41,Camera 2,488 nm,1 mW,0.23296833939494405,1125,1100.0863629346013,5.956384738075826,3.871650079749287,165,1095.6163308998466,20.176189143041462,13.11452294297695
2026-04-01T11:46:41,Camera 2,488 nm,1 mW,0.23296833939494405,1125,1100.0863629346013,5.956384738075826,3.871650079749287,186,1096.077404468423,20.355136875954642,13.230838969370518
2026-04-01T11:46:41,Camera 2,488 nm,1 mW,0.23296833939494405,1125,1100.0863629346013,5.956384738075826,3.871650079749287,206,1095.8703277538418,19.417240302287823,12.621206196487085
2026-04-01T11:46:41,Camera 2,488 nm,1 mW,0.23296833939494405,1125,1100.0863629346013,5.956384738075826,3.871650079749287,227,1096.169196752568,19.013117342488677,12.35852627261764
2026-04-01T11:46:41,Camera 2,488 nm,1 mW,0.23296833939494405,1125,1100.0863629346013,5.956384738075826,3.871650079749287,248,1096.5035107800213,18.59427244408011,12.086277088652073
2026-04-01T11:46:41,Camera 2,488 nm,1 mW,0.23296833939494405,1125,1100.0863629346013,5.956384738075826,3.871650079749287,268,1096.39859892347,18.342258549825853,11.922468057386805
2026-04-01T11:46:41,Camera 2,488 nm,1 mW,0.23296833939494405,1125,1100.0863629346013,5.956384738075826,3.871650079749287,289,1096.6726765525198,17.855591317583894,11.606134356429532
2026-04-01T11:46:41,Camera 2,488 nm,1 mW,0.23296833939494405,1125,1100.0863629346013,5.956384738075826,3.871650079749287,310,1096.7571659000841,17.46148468773492,11.349965047027698
2026-04-01T11:46:41,Camera 2,488 nm,1 mW,0.23296833939494405,1125,1100.0863629346013,5.956384738075826,3.871650079749287,330,1096.868657127275,17.003827230916013,11.052487700095408
2026-04-01T11:46:41,Camera 2,488 nm,1 mW,0.23296833939494405,1125,1100.0863629346013,5.956384738075826,3.871650079749287,351,1096.9661314391024,16.490727869400907,10.71897311511059
2026-04-01T11:46:41,Camera 2,488 nm,1 mW,0.23296833939494405,1125,1100.0863629346013,5.956384738075826,3.871650079749287,372,1097.054898837965,16.03362247734041,10.421854610271266
2026-04-01T11:46:41,Camera 2,488 nm,1 mW,0.23296833939494405,1125,1100.0863629346013,5.956384738075826,3.871650079749287,392,1097.3314416277462,15.765793942270635,10.247766062475913
2026-04-01T11:46:41,Camera 2,488 nm,1 mW,0.23296833939494405,1125,1100.0863629346013,5.956384738075826,3.871650079749287,413,1097.3971196495409,15.646614366153315,10.170299337999655
2026-04-01T11:46:41,Camera 2,488 nm,1 mW,0.23296833939494405,1125,1100.0863629346013,5.956384738075826,3.871650079749287,434,1097.4870427390204,15.081272248379756,9.802826961446842
2026-04-01T11:46:41,Camera 2,488 nm,1 mW,0.23296833939494405,1125,1100.0863629346013,5.956384738075826,3.871650079749287,454,1097.5439109886076,14.58438559207137,9.479850634846391
2026-04-01T11:46:41,Camera 2,488 nm,1 mW,0.23296833939494405,1125,1100.0863629346013,5.956384738075826,3.871650079749287,475,1097.769802191157,14.231223991437812,9.250295594434577
2026-04-01T11:46:41,Camera 2,488 nm,1 mW,0.23296833939494405,1125,1100.0863629346013,5.956384738075826,3.871650079749287,496,1097.8445867052515,13.97971225162396,9.086812963555575
2026-04-01T11:46:41,Camera 2,488 nm,1 mW,0.23296833939494405,1125,1100.0863629346013,5.956384738075826,3.871650079749287,516,1097.9117698592306,13.331963090390422,8.665776008753776
2026-04-01T11:46:41,Camera 2,488 nm,1 mW,0.23296833939494405,1125,1100.0863629346013,5.956384738075826,3.871650079749287,537,1098.0829004854425,13.02580889539586,8.466775782007309
2026-04-01T11:46:41,Camera 2,488 nm,1 mW,0.23296833939494405,1125,1100.0863629346013,5.956384738075826,3.871650079749287,558,1098.1664264304818,12.527016069179359,8.142560444966584
2026-04-01T11:46:41,Camera 2,488 nm,1 mW,0.23296833939494405,1125,1100.0863629346013,5.956384738075826,3.871650079749287,578,1098.238169368284,12.26064659488083,7.96942028667254
2026-04-01T11:46:41,Camera 2,488 nm,1 mW,0.23296833939494405,1125,1100.0863629346013,5.956384738075826,3.871650079749287,599,1098.3984939233483,11.732799124691988,7.626319431049793
2026-04-01T11:46:41,Camera 2,488 nm,1 mW,0.23296833939494405,1125,1100.0863629346013,5.956384738075826,3.871650079749287,620,1098.4892439865973,11.19142320607464,7.2744250839485165
2026-04-01T11:46:41,Camera 2,488 nm,1 mW,0.23296833939494405,1125,1100.0863629346013,5.956384738075826,3.871650079749287,640,1098.586702397637,10.846278489426895,7.050081018127482
2026-04-01T11:46:41,Camera 2,488 nm,1 mW,0.23296833939494405,1125,1100.0863629346013,5.956384738075826,3.871650079749287,661,1098.58743578254,10.419933439728812,6.772956735823728
2026-04-01T11:46:41,Camera 2,488 nm,1 mW,0.23296833939494405,1125,1100.0863629346013,5.956384738075826,3.871650079749287,682,1098.8327811467293,9.759161512769968,6.343454983300479
2026-04-01T11:46:41,Camera 2,488 nm,1 mW,0.23296833939494405,1125,1100.0863629346013,5.956384738075826,3.871650079749287,703,1098.9271268165028,9.324820211912595,6.0611331377431865
2026-04-01T11:46:41,Camera 2,488 nm,1 mW,0.23296833939494405,1125,1100.0863629346013,5.956384738075826,3.871650079749287,723,1099.0649375543542,8.776239374261191,5.704555593269775
2026-04-01T11:46:41,Camera 2,488 nm,1 mW,0.23296833939494405,1125,1100.0863629346013,5.956384738075826,3.871650079749287,744,1099.1949755370654,8.148861330315063,5.296759864704791
2026-04-01T11:46:41,Camera 2,488 nm,1 mW,0.23296833939494405,1125,1100.0863629346013,5.956384738075826,3.871650079749287,765,1099.3472391698585,7.720836654449246,5.01854382539201
2026-04-01T11:46:41,Camera 2,488 nm,1 mW,0.23296833939494405,1125,1100.0863629346013,5.956384738075826,3.871650079749287,785,1099.5242261949606,7.479867303700553,4.861913747405359
2026-04-01T11:46:41,Camera 2,488 nm,1 mW,0.23296833939494405,1125,1100.0863629346013,5.956384738075826,3.871650079749287,806,1099.602721851605,7.352284158414815,4.7789847029696295
2026-04-01T11:46:41,Camera 2,488 nm,1 mW,0.23296833939494405,1125,1100.0863629346013,5.956384738075826,3.871650079749287,827,1099.6712945433928,7.173911111415953,4.66304222242037
2026-04-01T11:46:41,Camera 2,488 nm,1 mW,0.23296833939494405,1125,1100.0863629346013,5.956384738075826,3.871650079749287,847,1099.647960110874,7.0880910485082556,4.607259181530366
2026-04-01T11:46:41,Camera 2,488 nm,1 mW,0.23296833939494405,1125,1100.0863629346013,5.956384738075826,3.871650079749287,868,1099.6296610010224,7.005395678986749,4.553507191341387
2026-04-01T11:46:41,Camera 2,488 nm,1 mW,0.23296833939494405,1125,1100.0863629346013,5.956384738075826,3.871650079749287,889,1099.6468599990305,6.7659472036739805,4.397865682388088
2026-04-01T11:46:41,Camera 2,488 nm,1 mW,0.23296833939494405,1125,1100.0863629346013,5.956384738075826,3.871650079749287,909,1099.6743766385448,6.6784305161703115,4.340979835510702
2026-04-01T11:46:41,Camera 2,488 nm,1 mW,0.23296833939494405,1125,1100.0863629346013,5.956384738075826,3.871650079749287,930,1099.6059692227848,6.578510566634342,4.276031868312322
2026-04-01T11:46:41,Camera 2,488 nm,1 mW,0.23296833939494405,1125,1100.0863629346013,5.956384738075826,3.871650079749287,951,1099.5483268432802,6.474143497501415,4.20819327337592
2026-04-01T11:46:41,Camera 2,488 nm,1 mW,0.23296833939494405,1125,1100.0863629346013,5.956384738075826,3.871650079749287,971,1099.6047583565069,6.269748630042082,4.075336609527354
2026-04-01T11:46:41,Camera 2,488 nm,1 mW,0.23296833939494405,1125,1100.0863629346013,5.956384738075826,3.871650079749287,992,1099.582279142131,6.112863428426875,3.973361228477469
2026-04-01T11:46:41,Camera 2,488 nm,1 mW,0.23296833939494405,1125,1100.0863629346013,5.956384738075826,3.871650079749287,1013,1099.5152178541232,6.036445480110886,3.923689562072076
2026-04-01T11:46:41,Camera 2,488 nm,1 mW,0.23296833939494405,1125,1100.0863629346013,5.956384738075826,3.871650079749287,1033,1099.489735396803,5.990388727999473,3.893752673199658
2026-04-01T11:46:41,Camera 2,488 nm,1 mW,0.23296833939494405,1125,1100.0863629346013,5.956384738075826,3.871650079749287,1054,1099.5080467351333,5.846355635834925,3.8001311632927015
2026-04-01T11:46:41,Camera 2,488 nm,1 mW,0.23296833939494405,1125,1100.0863629346013,5.956384738075826,3.871650079749287,1075,1099.6038218036786,5.820203273198132,3.783132127578786
2026-04-01T11:46:41,Camera 2,488 nm,1 mW,0.23296833939494405,1125,1100.0863629346013,5.956384738075826,3.871650079749287,1095,1099.61947243782,5.882990115544606,3.823943575103994
2026-04-01T11:46:41,Camera 2,488 nm,1 mW,0.23296833939494405,1125,1100.0863629346013,5.956384738075826,3.871650079749287,1116,1099.7027831596563,5.977677671096206,3.885490486212534
2026-04-01T11:46:41,Camera 2,488 nm,1 mW,0.23296833939494405,1125,1100.0863629346013,5.956384738075826,3.871650079749287,1137,1099.7230740914122,5.995765748139763,3.897247736290846
2026-04-01T11:46:41,Camera 2,488 nm,1 mW,0.23296833939494405,1125,1100.0863629346013,5.956384738075826,3.871650079749287,1157,1099.8193364166484,6.095781336508718,3.962257868730667
2026-04-01T11:46:41,Camera 2,488 nm,1 mW,0.23296833939494405,1125,1100.0863629346013,5.956384738075826,3.871650079749287,1178,1099.948228147151,6.232204759694461,4.0509330938014
2026-04-01T11:46:41,Camera 2,488 nm,1 mW,0.23296833939494405,1125,1100.0863629346013,5.956384738075826,3.871650079749287,1199,1100.0152064079496,6.317743448457645,4.10653324149747
2026-04-01T11:46:41,Camera 2,488 nm,1 mW,0.23296833939494405,1125,1100.0863629346013,5.956384738075826,3.871650079749287,1219,1100.0897096063106,6.5292330897478905,4.244001508336129
2026-04-01T11:46:41,Camera 2,488 nm,1 mW,0.23296833939494405,1125,1100.0863629346013,5.956384738075826,3.871650079749287,1240,1100.201071324752,6.670241640060035,4.335657066039023
2026-04-01T11:46:41,Camera 2,488 nm,1 mW,0.23296833939494405,1125,1100.0863629346013,5.956384738075826,3.871650079749287,1261,1100.2450657246518,6.901377816876854,4.485895580969955
2026-04-01T11:46:41,Camera 2,488 nm,1 mW,0.23296833939494405,1125,1100.0863629346013,5.956384738075826,3.871650079749287,1281,1100.3962170551258,7.001189203329831,4.55077298216439
2026-04-01T11:46:41,Camera 2,488 nm,1 mW,0.23296833939494405,1125,1100.0863629346013,5.956384738075826,3.871650079749287,1302,1100.4689546792213,7.310933428303746,4.752106728397435
2026-04-01T11:46:41,Camera 2,488 nm,1 mW,0.23296833939494405,1125,1100.0863629346013,5.956384738075826,3.871650079749287,1323,1100.5728391610148,7.568250597268843,4.919362888224748
2026-04-01T11:46:41,Camera 2,488 nm,1 mW,0.23296833939494405,1125,1100.0863629346013,5.956384738075826,3.871650079749287,1343,1100.6098905326962,7.829980907700535,5.089487590005348
2026-04-01T11:46:41,Camera 2,488 nm,1 mW,0.23296833939494405,1125,1100.0863629346013,5.956384738075826,3.871650079749287,1364,1100.7231129929128,8.007030092321509,5.204569560008981
2026-04-01T11:46:41,Camera 2,488 nm,1 mW,0.23296833939494405,1125,1100.0863629346013,5.956384738075826,3.871650079749287,1385,1100.8838792554154,8.154368430138884,5.300339479590275
2026-04-01T11:46:41,Camera 2,488 nm,1 mW,0.23296833939494405,1125,1100.0863629346013,5.956384738075826,3.871650079749287,1406,1100.9461812010313,8.541560442496744,5.5520142876228835
2026-04-01T11:46:41,Camera 2,488 nm,1 mW,0.23296833939494405,1125,1100.0863629346013,5.956384738075826,3.871650079749287,1426,1101.0645361345132,8.774066741247147,5.703143381810645
2026-04-01T11:46:41,Camera 2,488 nm,1 mW,0.23296833939494405,1125,1100.0863629346013,5.956384738075826,3.871650079749287,1447,1101.2093384642205,8.990338698640182,5.843720154116118
2026-04-01T11:46:41,Camera 2,488 nm,1 mW,0.23296833939494405,1125,1100.0863629346013,5.956384738075826,3.871650079749287,1468,1101.2586148034102,9.294026951216788,6.041117518290912
2026-04-01T11:46:41,Camera 2,488 nm,1 mW,0.23296833939494405,1125,1100.0863629346013,5.956384738075826,3.871650079749287,1488,1101.3522328470144,9.50653215902375,6.179245903365438
2026-04-01T11:46:41,Camera 2,488 nm,1 mW,0.23296833939494405,1125,1100.0863629346013,5.956384738075826,3.871650079749287,1509,1101.4095083821442,9.804464290257066,6.372901788667093
2026-04-01T11:46:41,Camera 2,488 nm,1 mW,0.23296833939494405,1125,1100.0863629346013,5.956384738075826,3.871650079749287,1530,1101.5116339344477,10.197938966383788,6.628660328149462
2026-04-01T11:46:41,Camera 2,488 nm,1 mW,0.23296833939494405,1125,1100.0863629346013,5.956384738075826,3.871650079749287,1550,1101.7342045157748,10.386045788581827,6.750929762578187
2026-04-01T11:46:41,Camera 2,488 nm,1 mW,0.23296833939494405,1125,1100.0863629346013,5.956384738075826,3.871650079749287,1571,1101.7815707757084,10.563430599270394,6.866229889525756
2026-04-01T11:46:41,Camera 2,488 nm,1 mW,0.23296833939494405,1125,1100.0863629346013,5.956384738075826,3.871650079749287,1592,1101.8515551444937,10.924945302439454,7.1012144465856455
2026-04-01T11:46:41,Camera 2,488 nm,1 mW,0.23296833939494405,1125,1100.0863629346013,5.956384738075826,3.871650079749287,1612,1102.0790211233264,11.168027381570019,7.259217798020512
2026-04-01T11:46:41,Camera 2,488 nm,1 mW,0.23296833939494405,1125,1100.0863629346013,5.956384738075826,3.871650079749287,1633,1102.005090719947,11.728713033172667,7.623663471562234
2026-04-01T11:46:41,Camera 2,488 nm,1 mW,0.23296833939494405,1125,1100.0863629346013,5.956384738075826,3.871650079749287,1654,1102.1439557748959,11.819721191581028,7.682818774527668
2026-04-01T11:46:41,Camera 2,488 nm,1 mW,0.23296833939494405,1125,1100.0863629346013,5.956384738075826,3.871650079749287,1674,1102.2341232842261,12.183598525584054,7.919339041629636
2026-04-01T11:46:41,Camera 2,488 nm,1 mW,0.23296833939494405,1125,1100.0863629346013,5.956384738075826,3.871650079749287,1695,1102.319102469286,12.590978205235682,8.184135833403193
2026-04-01T11:46:41,Camera 2,488 nm,1 mW,0.23296833939494405,1125,1100.0863629346013,5.956384738075826,3.871650079749287,1716,1102.5614838003862,12.917368238738476,8.39628935518001
2026-04-01T11:46:41,Camera 2,488 nm,1 mW,0.23296833939494405,1125,1100.0863629346013,5.956384738075826,3.871650079749287,1736,1102.5895973815966,13.024563464096813,8.465966251662929
2026-04-01T11:46:41,Camera 2,488 nm,1 mW,0.23296833939494405,1125,1100.0863629346013,5.956384738075826,3.871650079749287,1757,1102.676077524766,13.361142765224665,8.684742797396032
2026-04-01T11:46:41,Camera 2,488 nm,1 mW,0.23296833939494405,1125,1100.0863629346013,5.956384738075826,3.871650079749287,1778,1102.7083535627387,13.839169985520837,8.995460490588544
2026-04-01T11:46:41,Camera 2,488 nm,1 mW,0.23296833939494405,1125,1100.0863629346013,5.956384738075826,3.871650079749287,1798,1102.8768145297208,14.168614370612897,9.209599340898382
2026-04-01T11:46:41,Camera 2,488 nm,1 mW,0.23296833939494405,1125,1100.0863629346013,5.956384738075826,3.871650079749287,1819,1102.9175484813625,14.507156291331547,9.429651589365506
2026-04-01T11:46:41,Camera 2,488 nm,1 mW,0.23296833939494405,1125,1100.0863629346013,5.956384738075826,3.871650079749287,1840,1103.1989991248195,14.632891261060953,9.51137931968962
2026-04-01T11:46:41,Camera 2,488 nm,1 mW,0.23296833939494405,1125,1100.0863629346013,5.956384738075826,3.871650079749287,1860,1103.059929774897,15.28324038985641,9.934106253406666
2026-04-01T11:46:41,Camera 2,488 nm,1 mW,0.23296833939494405,1125,1100.0863629346013,5.956384738075826,3.871650079749287,1881,1103.2008726245458,15.543505743581745,10.103278733328136
2026-04-01T11:46:41,Camera 2,488 nm,1 mW,0.23296833939494405,1125,1100.0863629346013,5.956384738075826,3.871650079749287,1902,1103.4704458595118,15.920769266566362,10.348500023268135
2026-04-01T11:46:41,Camera 2,488 nm,1 mW,0.23296833939494405,1125,1100.0863629346013,5.956384738075826,3.871650079749287,1922,1103.2584351017986,16.320810247474114,10.608526660858175
2026-04-01T11:46:41,Camera 2,488 nm,1 mW,0.23296833939494405,1125,1100.0863629346013,5.956384738075826,3.871650079749287,1943,1103.3338179761074,16.475260633095754,10.708919411512241
2026-04-01T11:46:41,Camera 2,488 nm,1 mW,0.23296833939494405,1125,1100.0863629346013,5.956384738075826,3.871650079749287,1964,1103.7605980743149,16.73012384253478,10.874580497647608
2026-04-01T11:46:41,Camera 2,488 nm,1 mW,0.23296833939494405,1125,1100.0863629346013,5.956384738075826,3.871650079749287,1984,1103.8343282929652,17.179083184620733,11.166404070003477
2026-04-01T11:46:41,Camera 2,488 nm,1 mW,0.23296833939494405,1125,1100.0863629346013,5.956384738075826,3.871650079749287,2005,1103.8914598177632,17.565722249371333,11.417719462091368
2026-04-01T11:46:41,Camera 2,488 nm,1 mW,0.23296833939494405,1125,1100.0863629346013,5.956384738075826,3.871650079749287,2026,1103.788927863552,18.12811108052608,11.783272202341951
2026-04-01T11:46:41,Camera 2,488 nm,1 mW,0.23296833939494405,1125,1100.0863629346013,5.956384738075826,3.871650079749287,2047,1103.7203696631536,18.214079441180896,11.839151636767584
